docName,experiment_type,operators_max,iterations,reduced,original_height,last_page_height,gained,cost,time_taken,max_len_tree,operators_count
2318_18,greedy-separate,2,1,False,29.887800000000198,9.962600000000066,19.92520000000013,25.26284999999993,10.847027778625488,-1,0
24147,greedy-separate,2,1,False,29.887800000000198,19.92520000000013,9.962600000000066,12.173930900000016,9.952595710754395,-1,0
A Comparison of,greedy-separate,2,1,False,29.887800000000198,29.887800000000198,0.0,10.659515199999987,7.5273048877716064,-1,0
A Critical Look,greedy-separate,2,1,True,29.887800000000198,1162.6845592000013,-1132.7967592000011,17.503257600000012,13.123510599136353,-1,1
A Domain Generalization,greedy-separate,2,1,False,29.887800000000198,9.962600000000066,19.92520000000013,20.064400000000035,7.336111545562744,-1,0
A Multilayer Convolutional,greedy-separate,2,1,False,29.887800000000198,29.887800000000198,0.0,19.410548000000006,8.450384855270386,-1,0
A Natural Language,greedy-separate,2,1,False,28.39350000000013,28.39350000000013,0.0,8.172088000000002,12.71129322052002,-1,0
A Student-Teacher Architecture,greedy-separate,2,1,True,29.887800000000198,1103.8120899999994,-1073.9242899999992,17.409299999999917,9.571348905563354,-1,1
Accelerating the Development,greedy-separate,2,1,False,29.887800000000198,29.887800000000198,0.0,20.564515200000073,8.863749742507935,-1,0
Accurate and Interpretable,greedy-separate,2,1,False,29.887800000000198,19.92520000000013,9.962600000000066,16.259257599999955,9.21572756767273,-1,0
Action Branching Architectures,greedy-separate,2,1,True,29.887800000000198,1289.6458862000018,-1259.7580862000016,21.282401599999986,11.798451662063599,-1,1
AUPCR Maximizing Matchings,greedy-separate,2,1,False,29.887800000000198,29.887800000000198,0.0,8.814978800000006,10.984472513198853,-1,0
Balanced Linear Contextual,greedy-separate,2,1,False,28.39350000000013,18.929000000000087,9.464500000000044,18.71477279999999,10.028332948684692,-1,0
Bidirectional Temporal Plan,greedy-separate,2,1,False,29.887800000000198,19.92520000000013,9.962600000000066,14.691893999999934,11.842860460281372,-1,0
BOK,greedy-separate,2,1,False,29.887800000000198,19.92520000000013,9.962600000000066,11.54891840000002,13.089531183242798,-1,0
Capturing Delayed Feedback,greedy-separate,2,1,False,29.887800000000198,19.92520000000013,9.962600000000066,9.206886400000016,11.685817956924438,-1,0
Cisco at AAAI-CAD21,greedy-separate,2,1,True,29.887800000000198,1301.570279800003,-1271.6824798000027,21.81282080000001,10.226219415664673,-1,1
Crowdsourcing real-time viral,greedy-separate,2,1,True,29.887800000000198,1083.1142398000009,-1053.2264398000007,9.899999999999999,6.624108076095581,-1,1
Deep Just-In-Time Inconsistency,greedy-separate,2,1,False,36.86179999999979,36.86179999999979,0.0,0.0,2.0880815982818604,-1,0
Deep Open Intent,greedy-separate,2,1,True,29.887800000000198,1126.0232640000013,-1096.135464000001,17.52794882500001,10.138457775115967,-1,1
Deep Spiking Neural,greedy-separate,2,1,False,29.887800000000198,19.92520000000013,9.962600000000066,21.064515200000017,20.615142822265625,-1,0
Delving into Sample,greedy-separate,2,1,False,29.887800000000198,19.92520000000013,9.962600000000066,11.8945152,7.932415008544922,-1,0
Detection of social,greedy-separate,2,1,False,29.887800000000198,19.92520000000013,9.962600000000066,24.579707999999897,7.388290166854858,-1,0
Deterministic and Discriminative,greedy-separate,2,1,False,29.887800000000198,19.92520000000013,9.962600000000066,11.87926520000002,15.022990226745605,-1,0
Discriminative Sentence Modeling,greedy-separate,2,1,False,28.39350000000013,18.929000000000087,9.464500000000044,19.549272799999983,9.01790714263916,-1,0
Evaluating Digital Agriculture,greedy-separate,2,1,False,26.899199999999723,69.73820000000046,-42.83900000000074,16.543757599999992,10.278878688812256,-1,0
Evaluating Sequence-to-Sequence Learning,greedy-separate,2,1,False,29.887800000000198,9.962600000000066,19.92520000000013,20.0,7.980700969696045,-1,0
Evaluation of a,greedy-separate,2,1,False,29.887800000000198,29.887800000000198,0.0,10.038002675000001,9.410119533538818,-1,0
Evaluation of Fake,greedy-separate,2,1,False,29.887800000000198,19.92520000000013,9.962600000000066,21.651401599999986,11.551426410675049,-1,0
Evolutionarily-Curated Curriculum Learning,greedy-separate,2,1,False,29.887800000000198,49.81300000000033,-19.92520000000013,18.304725400000024,5.97658896446228,-1,0
Exact Reduction of,greedy-separate,2,1,False,44.68250000000023,44.68250000000023,0.0,6.555909799999938,9.902918577194214,-1,0
Expected Value of,greedy-separate,2,1,False,29.887800000000198,19.92520000000013,9.962600000000066,14.39139400000002,11.321266412734985,-1,0
Explainable Failure Predictions,greedy-separate,2,1,False,26.899199999999723,17.932799999999816,8.966399999999908,2.5353303999999923,7.490741491317749,-1,0
Explaining Neural Network,greedy-separate,2,1,False,29.887800000000198,19.92520000000013,9.962600000000066,12.780206299999989,145.265686750412,-1,0
Exploiting Cross-Lingual Subword,greedy-separate,2,1,False,26.899200000000064,17.932800000000043,8.966400000000021,12.817032600000005,36.90048599243164,-1,0
Exploiting Language Models,greedy-separate,2,1,False,29.887800000000198,9.962600000000066,19.92520000000013,15.261236400000001,10.780812501907349,-1,0
Exploiting Multiple Abstractions,greedy-separate,2,1,False,29.887800000000198,29.887800000000198,0.0,11.384747749999974,17.159274101257324,-1,0
Exploring Gameplay With,greedy-separate,2,1,False,29.887800000000198,29.887800000000198,0.0,12.097918399999969,7.691055059432983,-1,0
Exploring the Efficacy,greedy-separate,2,1,False,29.887800000000198,29.887800000000198,0.0,20.0,10.50750732421875,-1,0
Fair Conformal Predictors,greedy-separate,2,1,False,29.887800000000198,29.887800000000198,0.0,16.09828999999999,17.38562512397766,-1,0
Fast,greedy-separate,2,1,False,29.887800000000198,19.92520000000013,9.962600000000066,12.553515199999993,9.098026037216187,-1,0
Fast and Knowledge-Free,greedy-separate,2,1,False,29.887800000000198,19.92520000000013,9.962600000000066,12.553515199999993,8.87696385383606,-1,0
Few-Shot Learning for,greedy-separate,2,1,True,29.887800000000198,1001.9396249000001,-972.0518248999999,13.132669050000004,8.511642694473267,-1,1
Finding All Bayesian,greedy-separate,2,1,False,29.887800000000198,19.92520000000013,9.962600000000066,16.10880759999995,11.15880036354065,-1,0
Fine-Grained Car Detection,greedy-separate,2,1,False,29.887800000000198,29.887800000000198,0.0,11.733357599999977,9.10410189628601,-1,0
Fine-grained Retrieval Prompt,greedy-separate,2,1,False,29.887800000000198,19.92520000000013,9.962600000000066,8.375886400000013,12.91765546798706,-1,0
Forecasting with Sparse,greedy-separate,2,1,False,29.887800000000198,19.92520000000013,9.962600000000066,17.757772800000055,15.982952356338501,-1,0
Frame and Feature-Context,greedy-separate,2,1,False,29.887800000000198,29.887800000000198,0.0,5.630623875000012,16.247469425201416,-1,0
Game-theoretic Approach for,greedy-separate,2,1,False,29.887800000000198,29.887800000000198,0.0,10.196991200000014,11.007927894592285,-1,0
Generalized Planning in,greedy-separate,2,1,False,29.887800000000198,29.887800000000198,0.0,15.282757599999968,13.089938402175903,-1,0
Generative structured normalizing,greedy-separate,2,1,False,29.887800000000198,19.92520000000013,9.962600000000066,9.146386399999969,8.652068138122559,-1,0
Geometric,greedy-separate,2,1,False,29.887800000000198,19.92520000000013,9.962600000000066,9.850136400000011,23.897263765335083,-1,0
Harnessing the Power,greedy-separate,2,1,False,29.887800000000198,29.887800000000198,0.0,27.58650042499994,12.42499303817749,-1,0
Hierarchical Average Reward,greedy-separate,2,1,False,29.887800000000198,19.92520000000013,9.962600000000066,10.973136400000001,9.854364156723022,-1,0
Human in the,greedy-separate,2,1,False,29.887800000000198,29.887800000000198,0.0,16.59627279999995,9.973947525024414,-1,0
Hyperbolic Graph Diffusion,greedy-separate,2,1,False,29.887800000000198,19.92520000000013,9.962600000000066,9.859799999999979,7.878206014633179,-1,0
Identification of Abnormal,greedy-separate,2,1,False,29.887800000000198,29.887800000000198,0.0,9.05297880000002,10.55884838104248,-1,0
Identifying Unsafe Videos,greedy-separate,2,1,True,29.887800000000198,1036.4080342000007,-1006.5202342000005,15.14651520000001,7.290563583374023,-1,1
Improving Model Robustness,greedy-separate,2,1,False,29.887800000000198,29.887800000000198,0.0,11.036515199999997,7.658355236053467,-1,0
Improving Multi-Document Summarization,greedy-separate,2,1,False,29.887800000000198,19.92520000000013,9.962600000000066,14.560986399999962,8.124228239059448,-1,0
Improving Neural Question,greedy-separate,2,1,False,29.887800000000198,9.962600000000066,19.92520000000013,25.25241440000005,8.811584234237671,-1,0
Improving Pareto Front,greedy-separate,2,1,True,29.887800000000198,814.5546569192927,-784.6668569192925,16.249751848894704,21.56396985054016,-1,1
Improving Training and,greedy-separate,2,1,False,29.887800000000198,19.92520000000013,9.962600000000066,2.743995075000001,13.740140676498413,-1,0
Information Retention in,greedy-separate,2,1,False,29.887800000000198,29.887800000000198,0.0,9.455636399999975,7.229718923568726,-1,0
Integrated In-vehicle Monitoring,greedy-separate,2,1,False,29.887800000000198,9.962600000000066,19.92520000000013,26.761436400000036,8.431627035140991,-1,0
Intelligent Frame Selection,greedy-separate,2,1,False,29.887800000000198,9.962600000000066,19.92520000000013,13.326107599999972,9.5651535987854,-1,0
Interpretable Local Tree,greedy-separate,2,1,False,29.887800000000198,19.92520000000013,9.962600000000066,12.190747750000014,10.701098918914795,-1,0
Interpretable NLG for,greedy-separate,2,1,False,29.887800000000198,19.92520000000013,9.962600000000066,18.29238639999994,9.369186878204346,-1,0
Interpretable Rumor Detection,greedy-separate,2,1,False,26.899199999999723,229.13980000000123,-202.2406000000015,22.00619999999998,10.531080722808838,-1,0
Investigating the Effects,greedy-separate,2,1,False,29.887800000000198,19.92520000000013,9.962600000000066,8.84613639999995,9.669171571731567,-1,0
Joint Word Representation,greedy-separate,2,1,True,29.887800000000198,1142.178067599999,-1112.2902675999987,11.648257599999994,5.1262898445129395,-1,1
Keyword-Guided Neural Conversational,greedy-separate,2,1,False,29.887800000000198,29.887800000000198,0.0,26.966535224999916,10.107091903686523,-1,0
Knowledge-driven Natural Language,greedy-separate,2,1,False,59.77559999999971,49.81299999999976,9.962599999999952,16.902660432000005,13.127364873886108,-1,0
Knowledge-incorporating ESIM models,greedy-separate,2,1,False,29.887800000000198,9.962600000000066,19.92520000000013,20.0,10.255140781402588,-1,0
Labeled Memory Networks,greedy-separate,2,1,True,29.887800000000198,1284.2791910000014,-1254.3913910000012,13.442326249999965,10.97292947769165,-1,1
Language Models are,greedy-separate,2,1,False,29.887800000000198,19.92520000000013,9.962600000000066,13.922257600000009,12.752974271774292,-1,0
Learning 2D Temporal,greedy-separate,2,1,False,29.887800000000198,19.92520000000013,9.962600000000066,11.317515200000003,8.519380807876587,-1,0
Learning a Wavelet-like,greedy-separate,2,1,False,29.887800000000198,29.887800000000198,0.0,7.640405874999999,7.86258602142334,-1,0
Learning Logistic Circuits,greedy-separate,2,1,False,29.887800000000198,29.887800000000198,0.0,15.62825760000004,15.330828189849854,-1,0
Learning Markov Random,greedy-separate,2,1,False,29.887800000000198,19.92520000000013,9.962600000000066,13.9074345677504,16.613998651504517,-1,0
Learning Occupational Task-Shares,greedy-separate,2,1,False,29.887800000000198,19.92520000000013,9.962600000000066,18.245621625,11.789658546447754,-1,0
Learning Optical Flow,greedy-separate,2,1,False,29.887800000000198,19.92520000000013,9.962600000000066,3.507628800000006,12.252961158752441,-1,0
Learning Rewards from,greedy-separate,2,1,False,26.899199999999723,17.932799999999816,8.966399999999908,12.959918399999992,9.485844373703003,-1,0
Learning Scripts as,greedy-separate,2,1,False,29.887800000000198,19.92520000000013,9.962600000000066,16.78515760000002,10.294986009597778,-1,0
Learning Sparse Sharing,greedy-separate,2,1,False,29.887800000000198,19.92520000000013,9.962600000000066,21.525699999999972,19.11116361618042,-1,0
Learning the Joint,greedy-separate,2,1,False,29.887800000000198,19.92520000000013,9.962600000000066,8.734886399999965,9.680636882781982,-1,0
Learning Transferable Adversarial,greedy-separate,2,1,False,28.39350000000013,28.39350000000013,0.0,21.4685778999999,10.837244033813477,-1,0
Let There Be,greedy-separate,2,1,False,29.887800000000198,19.92520000000013,9.962600000000066,15.332597850000042,10.24577522277832,-1,0
Local Differential Privacy,greedy-separate,2,1,False,29.887800000000198,19.92520000000013,9.962600000000066,18.872113600000006,10.51435923576355,-1,0
Long-Term Trends in,greedy-separate,2,1,True,29.887800000000198,1123.9399412000005,-1094.0521412000003,22.750457600000004,9.448142051696777,-1,1
LTU Attacker for,greedy-separate,2,1,False,29.887800000000198,29.887800000000198,0.0,7.86748522500001,7.350044250488281,-1,0
Open-Vocabulary Semantic Parsing,greedy-separate,2,1,False,26.899199999999723,17.932799999999816,8.966399999999908,6.9842576000000065,7.988523721694946,-1,0
Open-Vocabulary Video Relation,greedy-separate,2,1,False,29.887800000000198,19.92520000000013,9.962600000000066,12.173930900000016,9.736790657043457,-1,0
Optimal Pricing for,greedy-separate,2,1,False,29.887800000000198,19.92520000000013,9.962600000000066,0.0,15.092012166976929,-1,0
Order-Free RNN with,greedy-separate,2,1,False,29.887800000000198,29.887800000000198,0.0,27.60300000000001,7.543173551559448,-1,0
Out of the,greedy-separate,2,1,True,29.887800000000198,1131.1778930716732,-1101.290093071673,17.922235225000037,10.134413003921509,-1,1
Painterly Image Harmonization,greedy-separate,2,1,False,29.887800000000198,29.887800000000198,0.0,15.00514400000003,8.075458288192749,-1,0
Parameterized Indexed Value,greedy-separate,2,1,False,31.880400000000122,21.917800000000057,9.962600000000066,14.98314400000001,24.657970666885376,-1,0
Patch-wise Graph Contrastive,greedy-separate,2,1,False,29.887800000000198,19.92520000000013,9.962600000000066,22.966338599999972,10.097941875457764,-1,0
Planning with Pixels,greedy-separate,2,1,True,29.887800000000198,1022.96527547197,-993.0774754719698,35.79563090000002,10.654350757598877,-1,1
Playing Pairs with,greedy-separate,2,1,False,29.887800000000198,29.887800000000198,0.0,13.083033599999993,7.405992031097412,-1,0
Pre-Training With Scientific,greedy-separate,2,1,False,29.887800000000198,29.887800000000198,0.0,8.091136399999996,8.220170021057129,-1,0
Predicting Depression Severity,greedy-separate,2,1,False,29.887800000000198,29.887800000000198,0.0,20.858515199999943,7.008799314498901,-1,0
Predicting the Argumenthood,greedy-separate,2,1,False,26.899199999999723,69.73820000000046,-42.83900000000074,16.24049014999997,9.068737268447876,-1,0
Projective Quadratic Regression,greedy-separate,2,1,False,29.887800000000198,29.887800000000198,0.0,20.0,7.9547083377838135,-1,0
Provably Convergent Federated,greedy-separate,2,1,False,29.887800000000198,9.962600000000066,19.92520000000013,25.26284999999993,10.815110206604004,-1,0
Provably Secure Federated,greedy-separate,2,1,True,29.887800000000198,1064.420877411766,-1034.5330774117658,6.078340696470583,7.928869724273682,-1,1
Qualitative Analysis of,greedy-separate,2,1,False,29.887800000000198,29.887800000000198,0.0,13.369758599999997,9.41332483291626,-1,0
Quantization-Based Regularization for,greedy-separate,2,1,False,26.899199999999723,17.932799999999816,8.966399999999908,14.499166733875967,12.669079065322876,-1,0
Relevant Intrinsic Feature,greedy-separate,2,1,False,29.887800000000198,9.962600000000066,19.92520000000013,31.126379334,16.984577417373657,-1,0
Representing Closed Transformation,greedy-separate,2,1,False,26.899199999999723,17.932799999999816,8.966399999999908,8.46802319999999,10.164153099060059,-1,0
Responsive Planning and,greedy-separate,2,1,True,29.887800000000198,1112.5934402000005,-1082.7056402000003,0.0,4.607679128646851,-1,1
Retrospective Reader for,greedy-separate,2,1,False,29.887800000000198,9.962600000000066,19.92520000000013,8.887735225,9.821199655532837,-1,0
Revisiting Mahalanobis Distance,greedy-separate,2,1,True,29.887800000000198,1240.8519280964483,-1210.9641280964481,6.202062087291736,7.200924396514893,-1,1
Source-Target Inference Models,greedy-separate,2,1,False,29.887800000000198,29.887800000000198,0.0,11.712247750000017,9.75461196899414,-1,0
Synchronous Speech Recognition,greedy-separate,2,1,False,29.887800000000198,29.887800000000198,0.0,13.376835224999994,10.635732173919678,-1,0
That_s Mine! Learning,greedy-separate,2,1,False,28.39350000000013,28.39350000000013,0.0,9.334368949999984,9.068087577819824,-1,0
The Complexity of,greedy-separate,2,1,False,29.887800000000198,19.92520000000013,9.962600000000066,23.155515200000025,16.221105813980103,-1,0
Title-Guided Encoding for,greedy-separate,2,1,False,26.899199999999723,17.932799999999816,8.966399999999908,18.002806900000053,9.615708351135254,-1,0
Token-Level,greedy-separate,2,1,False,29.887800000000198,19.92520000000013,9.962600000000066,18.671886399999963,12.31019139289856,-1,0
Token-Level Contrastive Learning,greedy-separate,2,1,False,29.887800000000198,19.92520000000013,9.962600000000066,21.70840159999996,11.507155895233154,-1,0
Top-N Recommender System,greedy-separate,2,1,False,26.899199999999723,26.899199999999723,0.0,11.078381474999958,8.609808683395386,-1,0
Topical Phrase Extraction,greedy-separate,2,1,False,29.887800000000198,19.92520000000013,9.962600000000066,15.026811349999988,7.778365850448608,-1,0
Topological Pooling on,greedy-separate,2,1,False,29.887800000000198,9.962600000000066,19.92520000000013,22.160651600000023,24.568286180496216,-1,0
Toward a Human-Level,greedy-separate,2,1,False,29.887800000000198,9.962600000000066,19.92520000000013,18.848136400000016,7.988925457000732,-1,0
Towards an Integrative,greedy-separate,2,1,False,29.887800000000198,19.92520000000013,9.962600000000066,9.13238640000003,17.21562671661377,-1,0
Towards Autonomous Satellite,greedy-separate,2,1,False,29.887800000000198,19.92520000000013,9.962600000000066,21.231651599999935,14.022318124771118,-1,0
Towards Cognitive Robots,greedy-separate,2,1,False,29.887800000000198,29.887800000000198,0.0,11.87451519999999,9.700444221496582,-1,0
Treatment effect estimation,greedy-separate,2,1,False,29.887800000000198,9.962600000000066,19.92520000000013,18.79079999999999,7.665583372116089,-1,0
